osmid,y,x,street_count,highway,geometry
26759389,52.5385729,13.2129683,3,,POINT (13.2129683 52.5385729)
26759506,52.5395951,13.2126997,1,,POINT (13.2126997 52.5395951)
26759638,52.538886,13.2075873,3,,POINT (13.2075873 52.538886)
26759652,52.5387783,13.2074854,4,,POINT (13.2074854 52.5387783)
26759655,52.5394978,13.2055228,3,,POINT (13.2055228 52.5394978)
26759657,52.5399455,13.2034686,3,,POINT (13.2034686 52.5399455)
26759659,52.5404486,13.2040976,3,,POINT (13.2040976 52.5404486)
26759661,52.540821,13.2034366,3,,POINT (13.2034366 52.540821)
26759663,52.5408221,13.2032322,3,,POINT (13.2032322 52.5408221)
26759664,52.5404391,13.2025735,3,,POINT (13.2025735 52.5404391)
26759665,52.5402872,13.2025899,3,,POINT (13.2025899 52.5402872)
26759668,52.5399421,13.2032471,3,,POINT (13.2032471 52.5399421)
26759676,52.539601,13.2056318,4,,POINT (13.2056318 52.539601)
26759691,52.5416308,13.2056855,3,,POINT (13.2056855 52.5416308)
26759692,52.5417253,13.20548,4,,POINT (13.20548 52.5417253)
26759713,52.5386435,13.2006199,4,,POINT (13.2006199 52.5386435)
26759714,52.5385852,13.2008012,4,,POINT (13.2008012 52.5385852)
26759723,52.5397099,13.1985125,4,,POINT (13.1985125 52.5397099)
26759724,52.5395708,13.1983707,4,,POINT (13.1983707 52.5395708)
26759725,52.5347761,13.1994324,4,,POINT (13.1994324 52.5347761)
26759727,52.5329786,13.1983528,4,,POINT (13.1983528 52.5329786)
26759728,52.5328848,13.1982642,4,,POINT (13.1982642 52.5328848)
26759729,52.5328452,13.1985036,4,,POINT (13.1985036 52.5328452)
26759730,52.5329302,13.1985871,4,,POINT (13.1985871 52.5329302)
26759732,52.5327226,13.1994465,3,,POINT (13.1994465 52.5327226)
26759737,52.5337409,13.1945193,4,,POINT (13.1945193 52.5337409)
26759739,52.5336448,13.1944715,3,,POINT (13.1944715 52.5336448)
26759741,52.5339992,13.1927414,3,,POINT (13.1927414 52.5339992)
26759745,52.5337696,13.1938624,3,,POINT (13.1938624 52.5337696)
26759748,52.533441,13.1954841,4,,POINT (13.1954841 52.533441)
26759849,52.5281154,13.1951109,3,,POINT (13.1951109 52.5281154)
26759869,52.5292048,13.1955517,4,,POINT (13.1955517 52.5292048)
26759883,52.5280994,13.1954509,3,,POINT (13.1954509 52.5280994)
26759908,52.5304693,13.1963433,3,,POINT (13.1963433 52.5304693)
27239420,52.5253342,13.1379134,3,,POINT (13.1379134 52.5253342)
27239422,52.526337,13.1331858,4,,POINT (13.1331858 52.526337)
27239423,52.5271913,13.1291769,4,,POINT (13.1291769 52.5271913)
27239426,52.5289991,13.1190977,3,,POINT (13.1190977 52.5289991)
27239443,52.5290723,13.114112,3,,POINT (13.114112 52.5290723)
27323496,52.5287711,13.1286161,3,,POINT (13.1286161 52.5287711)
27323504,52.5286453,13.1331585,4,,POINT (13.1331585 52.5286453)
27323505,52.5286344,13.1335452,3,,POINT (13.1335452 52.5286344)
27323529,52.5284335,13.1233266,3,,POINT (13.1233266 52.5284335)
27323530,52.528663,13.122378,4,,POINT (13.122378 52.528663)
27323706,52.538045,13.142291,3,,POINT (13.142291 52.538045)
27586465,52.5273907,13.2116582,4,,POINT (13.2116582 52.5273907)
27586466,52.5272783,13.2115245,4,,POINT (13.2115245 52.5272783)
27586468,52.5274352,13.2114811,4,,POINT (13.2114811 52.5274352)
27586470,52.5273301,13.2113146,4,,POINT (13.2113146 52.5273301)
27586483,52.5284502,13.2084169,3,,POINT (13.2084169 52.5284502)
27586485,52.5285213,13.2079179,3,,POINT (13.2079179 52.5285213)
27586488,52.5288578,13.2074663,4,,POINT (13.2074663 52.5288578)
27586490,52.5287726,13.2073552,3,,POINT (13.2073552 52.5287726)
27586497,52.5301834,13.2048593,4,,POINT (13.2048593 52.5301834)
27586500,52.5301398,13.2046539,4,,POINT (13.2046539 52.5301398)
27586505,52.5302406,13.2047479,4,,POINT (13.2047479 52.5302406)
27586594,52.5290831,13.2091759,3,,POINT (13.2091759 52.5290831)
27586619,52.5280039,13.2118657,4,,POINT (13.2118657 52.5280039)
27586624,52.5276658,13.2117522,3,,POINT (13.2117522 52.5276658)
28382974,52.5438983,13.204323,3,,POINT (13.204323 52.5438983)
28465560,52.5250225,13.1952829,3,,POINT (13.1952829 52.5250225)
28465562,52.5242004,13.1949687,4,,POINT (13.1949687 52.5242004)
28465576,52.5236152,13.1965205,4,,POINT (13.1965205 52.5236152)
28465580,52.5241652,13.20068,3,,POINT (13.20068 52.5241652)
28465625,52.524597,13.2051072,3,,POINT (13.2051072 52.524597)
28466055,52.5236724,13.2027204,3,,POINT (13.2027204 52.5236724)
28466064,52.524307,13.2014283,3,,POINT (13.2014283 52.524307)
28472252,52.5236383,13.1976057,4,,POINT (13.1976057 52.5236383)
28472253,52.524255,13.1975103,3,,POINT (13.1975103 52.524255)
28472261,52.5277561,13.1956378,3,,POINT (13.1956378 52.5277561)
28472263,52.5273217,13.1958839,3,,POINT (13.1958839 52.5273217)
28472268,52.5242062,13.192619,3,,POINT (13.192619 52.5242062)
28472271,52.5254282,13.1939535,4,,POINT (13.1939535 52.5254282)
28472284,52.529177,13.1957713,3,,POINT (13.1957713 52.529177)
28472292,52.5313196,13.1970678,3,,POINT (13.1970678 52.5313196)
28476805,52.5274513,13.1966828,4,,POINT (13.1966828 52.5274513)
28476901,52.5242364,13.1966347,4,,POINT (13.1966347 52.5242364)
28932266,52.5254927,13.1937338,3,,POINT (13.1937338 52.5254927)
29175410,52.5240889,13.1929927,3,,POINT (13.1929927 52.5240889)
29175411,52.5237982,13.1928241,1,,POINT (13.1928241 52.5237982)
29175415,52.5264533,13.2078645,4,,POINT (13.2078645 52.5264533)
29175416,52.5267956,13.2085254,3,,POINT (13.2085254 52.5267956)
29175418,52.5270499,13.2105205,3,,POINT (13.2105205 52.5270499)
30784086,52.542919,13.1985978,4,,POINT (13.1985978 52.542919)
30784114,52.5428206,13.1984378,4,,POINT (13.1984378 52.5428206)
30784123,52.5450663,13.19515,3,,POINT (13.19515 52.5450663)
30784131,52.5449617,13.1950051,4,,POINT (13.1950051 52.5449617)
30784163,52.5454836,13.1946587,3,,POINT (13.1946587 52.5454836)
30784200,52.5459331,13.1943898,3,,POINT (13.1943898 52.5459331)
30784310,52.544866,13.2001098,4,,POINT (13.2001098 52.544866)
30784312,52.5459547,13.2005958,3,,POINT (13.2005958 52.5459547)
30784327,52.5436538,13.1995146,3,,POINT (13.1995146 52.5436538)
30784330,52.5465655,13.2023213,3,,POINT (13.2023213 52.5465655)
30784337,52.54587,13.2007962,3,,POINT (13.2007962 52.54587)
30784340,52.5470206,13.2019024,3,,POINT (13.2019024 52.5470206)
30784343,52.5477422,13.2012969,3,,POINT (13.2012969 52.5477422)
30784348,52.5486613,13.2007695,3,,POINT (13.2007695 52.5486613)
30784373,52.54847,13.2008228,3,,POINT (13.2008228 52.54847)
30784390,52.5461958,13.2000211,3,,POINT (13.2000211 52.5461958)
30784394,52.5462474,13.1998871,3,,POINT (13.1998871 52.5462474)
30784396,52.5471309,13.1978113,4,,POINT (13.1978113 52.5471309)
30784397,52.548461,13.1983969,4,,POINT (13.1983969 52.548461)
30784399,52.5493959,13.2005629,3,,POINT (13.2005629 52.5493959)
30784404,52.548597,13.1999424,3,,POINT (13.1999424 52.548597)
30784408,52.5479145,13.1959423,4,,POINT (13.1959423 52.5479145)
30784414,52.5499428,13.1953972,3,,POINT (13.1953972 52.5499428)
30784421,52.5446621,13.2073521,3,,POINT (13.2073521 52.5446621)
30784424,52.5452772,13.2080633,3,,POINT (13.2080633 52.5452772)
30784430,52.5462689,13.2088538,3,,POINT (13.2088538 52.5462689)
30784434,52.5467259,13.2074484,4,,POINT (13.2074484 52.5467259)
30784438,52.5476271,13.2080006,4,,POINT (13.2080006 52.5476271)
30784440,52.5473013,13.2094511,3,,POINT (13.2094511 52.5473013)
30784463,52.5507121,13.2001906,3,,POINT (13.2001906 52.5507121)
30784465,52.5504044,13.1977632,3,,POINT (13.1977632 52.5504044)
30784469,52.5507433,13.196003,4,,POINT (13.196003 52.5507433)
30784476,52.5504536,13.1935331,3,,POINT (13.1935331 52.5504536)
30784491,52.5418995,13.1993395,3,,POINT (13.1993395 52.5418995)
30784494,52.5426394,13.1981315,3,,POINT (13.1981315 52.5426394)
30784496,52.5406878,13.1976956,4,,POINT (13.1976956 52.5406878)
30784504,52.5400364,13.1955859,3,,POINT (13.1955859 52.5400364)
31326634,52.550607,13.1196909,4,,POINT (13.1196909 52.550607)
31339938,52.5291377,13.212283,3,,POINT (13.212283 52.5291377)
31669457,52.5455901,13.1940746,4,,POINT (13.1940746 52.5455901)
31669789,52.5392138,13.1571487,3,,POINT (13.1571487 52.5392138)
31669792,52.5423065,13.1574236,3,,POINT (13.1574236 52.5423065)
31669794,52.5438477,13.1585118,4,,POINT (13.1585118 52.5438477)
31669795,52.5444784,13.1593302,4,,POINT (13.1593302 52.5444784)
31669797,52.5460431,13.1616486,3,,POINT (13.1616486 52.5460431)
31669801,52.548296,13.1625248,3,,POINT (13.1625248 52.548296)
31669806,52.551108,13.1653561,4,,POINT (13.1653561 52.551108)
31669865,52.5352173,13.1570393,3,,POINT (13.1570393 52.5352173)
31669866,52.5331557,13.1580296,4,,POINT (13.1580296 52.5331557)
31961065,52.5379333,13.2026374,3,,POINT (13.2026374 52.5379333)
31961240,52.5372289,13.2019703,3,,POINT (13.2019703 52.5372289)
33017633,52.5474686,13.1847315,4,,POINT (13.1847315 52.5474686)
33017635,52.5474995,13.1845675,4,,POINT (13.1845675 52.5474995)
33017639,52.5515185,13.1854523,4,,POINT (13.1854523 52.5515185)
33017642,52.5514778,13.1855922,4,,POINT (13.1855922 52.5514778)
33017644,52.5503192,13.1897169,3,,POINT (13.1897169 52.5503192)
33017645,52.5498867,13.191169,4,,POINT (13.191169 52.5498867)
33017648,52.5487462,13.1912846,3,,POINT (13.1912846 52.5487462)
33017650,52.5477024,13.1913971,3,,POINT (13.1913971 52.5477024)
33017651,52.5487764,13.1892143,3,,POINT (13.1892143 52.5487764)
33017653,52.5477591,13.1889851,3,,POINT (13.1889851 52.5477591)
33017663,52.5517909,13.1981906,4,,POINT (13.1981906 52.5517909)
33017664,52.5514846,13.1965325,3,,POINT (13.1965325 52.5514846)
33017666,52.5519447,13.1950365,3,,POINT (13.1950365 52.5519447)
33017673,52.5519169,13.1997388,3,,POINT (13.1997388 52.5519169)
33017684,52.5511775,13.1979384,3,,POINT (13.1979384 52.5511775)
33017707,52.5415222,13.1833059,4,,POINT (13.1833059 52.5415222)
33017708,52.541474,13.1834343,3,,POINT (13.1834343 52.541474)
33017710,52.5487204,13.1780661,4,,POINT (13.1780661 52.5487204)
33017716,52.5519764,13.1857217,3,,POINT (13.1857217 52.5519764)
33017729,52.5471381,13.186491,4,,POINT (13.186491 52.5471381)
33017730,52.546694,13.1887703,4,,POINT (13.1887703 52.546694)
33017732,52.5466471,13.1940207,3,,POINT (13.1940207 52.5466471)
33017733,52.5488924,13.2084075,3,,POINT (13.2084075 52.5488924)
33018542,52.5516743,13.2093917,3,,POINT (13.2093917 52.5516743)
33018543,52.5517237,13.2094878,4,,POINT (13.2094878 52.5517237)
33018548,52.5506033,13.2099238,3,,POINT (13.2099238 52.5506033)
33205300,52.5239709,13.1663683,3,,POINT (13.1663683 52.5239709)
33205301,52.5238516,13.1649503,3,,POINT (13.1649503 52.5238516)
33205302,52.5237226,13.1635582,3,,POINT (13.1635582 52.5237226)
33205303,52.5235577,13.1617754,4,,POINT (13.1617754 52.5235577)
33205304,52.525645,13.1627839,4,,POINT (13.1627839 52.525645)
33205305,52.5258735,13.1642824,4,,POINT (13.1642824 52.5258735)
33205306,52.5261048,13.1657988,4,,POINT (13.1657988 52.5261048)
33205307,52.5253812,13.1610478,4,,POINT (13.1610478 52.5253812)
33205320,52.5253152,13.1774624,4,,POINT (13.1774624 52.5253152)
33205321,52.5256653,13.1761824,3,,POINT (13.1761824 52.5256653)
33205328,52.5273345,13.1709705,3,,POINT (13.1709705 52.5273345)
33205334,52.5277417,13.1774647,4,,POINT (13.1774647 52.5277417)
33205335,52.5279905,13.1790257,4,,POINT (13.1790257 52.5279905)
33205339,52.530136,13.1742454,3,,POINT (13.1742454 52.530136)
33205340,52.5298907,13.1731233,3,,POINT (13.1731233 52.5298907)
33205341,52.5291859,13.1698506,3,,POINT (13.1698506 52.5291859)
33205342,52.5281679,13.1704803,3,,POINT (13.1704803 52.5281679)
33205343,52.5289401,13.1737052,3,,POINT (13.1737052 52.5289401)
33205349,52.5338633,13.1792396,4,,POINT (13.1792396 52.5338633)
33205352,52.5340301,13.1807454,3,,POINT (13.1807454 52.5340301)
33205353,52.5334764,13.1693954,4,,POINT (13.1693954 52.5334764)
33205354,52.5335966,13.1694207,3,,POINT (13.1694207 52.5335966)
33205355,52.5340673,13.1817149,3,,POINT (13.1817149 52.5340673)
33205356,52.5343312,13.1885855,3,,POINT (13.1885855 52.5343312)
33205360,52.5324979,13.1882174,4,,POINT (13.1882174 52.5324979)
33205361,52.5331215,13.1791385,3,,POINT (13.1791385 52.5331215)
33205366,52.5362642,13.1820575,4,traffic_signals,POINT (13.1820575 52.5362642)
33205369,52.5376385,13.1819668,3,,POINT (13.1819668 52.5376385)
33205370,52.5384327,13.1824017,4,,POINT (13.1824017 52.5384327)
33205375,52.5398189,13.18321,4,,POINT (13.18321 52.5398189)
33205376,52.5380038,13.1850448,3,,POINT (13.1850448 52.5380038)
33205378,52.5375303,13.187482,3,,POINT (13.187482 52.5375303)
33205380,52.5367723,13.1873734,3,,POINT (13.1873734 52.5367723)
33205381,52.5375367,13.1830537,1,turning_circle,POINT (13.1830537 52.5375367)
33205389,52.5392183,13.1782254,3,,POINT (13.1782254 52.5392183)
33205390,52.538784,13.180127,2,,POINT (13.180127 52.538784)
33205392,52.5392765,13.1880529,3,,POINT (13.1880529 52.5392765)
33205393,52.5386472,13.1900552,3,,POINT (13.1900552 52.5386472)
33205398,52.5409195,13.1832995,3,,POINT (13.1832995 52.5409195)
33205399,52.5409649,13.1787713,4,,POINT (13.1787713 52.5409649)
33205400,52.5418651,13.1823029,3,,POINT (13.1823029 52.5418651)
33205406,52.5446279,13.1859505,3,,POINT (13.1859505 52.5446279)
33205407,52.544431,13.1859276,3,,POINT (13.1859276 52.544431)
33205408,52.5442299,13.1881962,4,,POINT (13.1881962 52.5442299)
33205414,52.5431689,13.1860332,3,,POINT (13.1860332 52.5431689)
33205418,52.5447807,13.1841461,4,,POINT (13.1841461 52.5447807)
33205419,52.5447895,13.1839902,3,,POINT (13.1839902 52.5447895)
33205420,52.5475736,13.1847489,4,,POINT (13.1847489 52.5475736)
33205421,52.5468317,13.1887962,4,,POINT (13.1887962 52.5468317)
33205423,52.545701,13.1942806,4,,POINT (13.1942806 52.545701)
33205428,52.5491061,13.1869356,3,,POINT (13.1869356 52.5491061)
33205429,52.5472376,13.1865153,4,,POINT (13.1865153 52.5472376)
33205430,52.5493829,13.1851415,4,,POINT (13.1851415 52.5493829)
33205431,52.5494112,13.1849888,4,,POINT (13.1849888 52.5494112)
33205432,52.5496027,13.1840584,3,,POINT (13.1840584 52.5496027)
33205433,52.5506397,13.1837886,3,,POINT (13.1837886 52.5506397)
33205436,52.5498956,13.1718093,4,,POINT (13.1718093 52.5498956)
33205437,52.5437125,13.176311,3,,POINT (13.176311 52.5437125)
33205438,52.5462846,13.1769169,3,,POINT (13.1769169 52.5462846)
33205442,52.5505973,13.168075,3,,POINT (13.168075 52.5505973)
33205443,52.5447212,13.1765213,3,,POINT (13.1765213 52.5447212)
33205445,52.5449448,13.1731963,4,,POINT (13.1731963 52.5449448)
33205446,52.5451845,13.1698206,3,,POINT (13.1698206 52.5451845)
33205447,52.5448354,13.1748401,3,,POINT (13.1748401 52.5448354)
33205448,52.5464799,13.1752996,3,,POINT (13.1752996 52.5464799)
33205449,52.5457364,13.1733618,3,,POINT (13.1733618 52.5457364)
33205451,52.5474737,13.1739623,3,,POINT (13.1739623 52.5474737)
33205452,52.5472754,13.1755768,3,,POINT (13.1755768 52.5472754)
33205453,52.5478485,13.1728488,3,,POINT (13.1728488 52.5478485)
33205455,52.5479861,13.1716567,3,,POINT (13.1716567 52.5479861)
33205457,52.5479477,13.1724353,3,,POINT (13.1724353 52.5479477)
33205458,52.5479195,13.1709119,3,,POINT (13.1709119 52.5479195)
33206771,52.5415051,13.1687711,4,,POINT (13.1687711 52.5415051)
33206816,52.5401579,13.1682297,1,turning_circle,POINT (13.1682297 52.5401579)
33206820,52.5405282,13.1664241,3,,POINT (13.1664241 52.5405282)
33206829,52.5418414,13.1671354,3,,POINT (13.1671354 52.5418414)
33206859,52.5418082,13.163742,4,,POINT (13.163742 52.5418082)
33206863,52.5413092,13.163891,3,,POINT (13.163891 52.5413092)
33206873,52.5426182,13.1637089,4,,POINT (13.1637089 52.5426182)
33206880,52.542664,13.159704,3,,POINT (13.159704 52.542664)
33206882,52.5430831,13.1578371,4,,POINT (13.1578371 52.5430831)
33206887,52.5434344,13.1563571,3,,POINT (13.1563571 52.5434344)
33206890,52.5443805,13.1569119,4,,POINT (13.1569119 52.5443805)
33206892,52.5451165,13.1573795,3,,POINT (13.1573795 52.5451165)
33206894,52.5456831,13.1554947,1,turning_circle,POINT (13.1554947 52.5456831)
33206897,52.5445823,13.1511808,4,,POINT (13.1511808 52.5445823)
33206920,52.5408619,13.1719385,3,,POINT (13.1719385 52.5408619)
33206923,52.5422337,13.169006,3,,POINT (13.169006 52.5422337)
33206931,52.5422556,13.1726562,3,,POINT (13.1726562 52.5422556)
33206940,52.541892,13.1705752,1,turning_circle,POINT (13.1705752 52.541892)
33206948,52.5457354,13.1721139,3,,POINT (13.1721139 52.5457354)
33206955,52.5457907,13.1708691,3,,POINT (13.1708691 52.5457907)
33206958,52.5460647,13.1698884,3,,POINT (13.1698884 52.5460647)
33206963,52.5496211,13.1732725,3,,POINT (13.1732725 52.5496211)
33206966,52.5490281,13.1764281,3,,POINT (13.1764281 52.5490281)
33206969,52.5488253,13.1781174,4,,POINT (13.1781174 52.5488253)
33206974,52.5500002,13.171863,4,,POINT (13.171863 52.5500002)
33206984,52.5476044,13.1845875,4,,POINT (13.1845875 52.5476044)
33208838,52.5401991,13.174621,4,,POINT (13.174621 52.5401991)
33209393,52.5363385,13.1872579,3,,POINT (13.1872579 52.5363385)
33209402,52.5395435,13.1769541,3,,POINT (13.1769541 52.5395435)
33209407,52.5368336,13.1897602,3,,POINT (13.1897602 52.5368336)
33210051,52.5361155,13.1807484,3,,POINT (13.1807484 52.5361155)
33210052,52.5367575,13.1797245,1,turning_circle,POINT (13.1797245 52.5367575)
33210058,52.5366494,13.1958136,3,,POINT (13.1958136 52.5366494)
33210060,52.5365052,13.1907962,3,,POINT (13.1907962 52.5365052)
33211660,52.5279302,13.1600032,4,,POINT (13.1600032 52.5279302)
33211661,52.5313723,13.1586105,4,,POINT (13.1586105 52.5313723)
33211663,52.5286614,13.1651219,3,,POINT (13.1651219 52.5286614)
33211666,52.5286991,13.1596793,3,,POINT (13.1596793 52.5286991)
33211668,52.529158,13.1621081,3,,POINT (13.1621081 52.529158)
33211669,52.5294636,13.163648,3,,POINT (13.163648 52.5294636)
33211681,52.5277442,13.1653754,3,,POINT (13.1653754 52.5277442)
33211684,52.5274878,13.1637176,3,,POINT (13.1637176 52.5274878)
33211687,52.5272435,13.1621128,3,,POINT (13.1621128 52.5272435)
33211699,52.5274133,13.163163,3,,POINT (13.163163 52.5274133)
33211702,52.5283103,13.1627842,4,,POINT (13.1627842 52.5283103)
33211717,52.5269477,13.1604032,4,,POINT (13.1604032 52.5269477)
33211720,52.5330454,13.1580554,4,,POINT (13.1580554 52.5330454)
33211723,52.5334268,13.1650876,3,,POINT (13.1650876 52.5334268)
33211744,52.5344451,13.1573581,4,,POINT (13.1573581 52.5344451)
33211746,52.5330254,13.1545046,4,,POINT (13.1545046 52.5330254)
33211748,52.5329188,13.1545131,4,,POINT (13.1545131 52.5329188)
33211750,52.5355743,13.1651083,3,,POINT (13.1651083 52.5355743)
33211754,52.5364784,13.1653847,3,,POINT (13.1653847 52.5364784)
33211759,52.5357731,13.1625576,3,,POINT (13.1625576 52.5357731)
33211761,52.5357901,13.1611436,3,,POINT (13.1611436 52.5357901)
33211765,52.5396015,13.1501774,4,,POINT (13.1501774 52.5396015)
33223320,52.5429157,13.1459815,4,,POINT (13.1459815 52.5429157)
33223324,52.5432562,13.1508188,4,,POINT (13.1508188 52.5432562)
33223325,52.5424642,13.1486805,3,,POINT (13.1486805 52.5424642)
33223328,52.5396854,13.1487824,3,,POINT (13.1487824 52.5396854)
33223329,52.5396588,13.1472692,3,,POINT (13.1472692 52.5396588)
33223330,52.5395872,13.1462905,3,,POINT (13.1462905 52.5395872)
33223337,52.5374234,13.1498225,3,,POINT (13.1498225 52.5374234)
33223340,52.5420034,13.1505989,3,,POINT (13.1505989 52.5420034)
33236393,52.5327454,13.1470807,3,,POINT (13.1470807 52.5327454)
33236398,52.5285601,13.1384283,3,,POINT (13.1384283 52.5285601)
33236402,52.5291579,13.1398432,3,,POINT (13.1398432 52.5291579)
33236404,52.5303477,13.1405238,4,,POINT (13.1405238 52.5303477)
33236405,52.5324843,13.1415766,4,,POINT (13.1415766 52.5324843)
33236436,52.5298198,13.1332758,4,,POINT (13.1332758 52.5298198)
33236437,52.5274944,13.1333669,3,,POINT (13.1333669 52.5274944)
33236606,52.5362849,13.1305508,3,,POINT (13.1305508 52.5362849)
33236608,52.5383348,13.1300039,1,turning_circle,POINT (13.1300039 52.5383348)
33236609,52.5349572,13.1220181,1,turning_circle,POINT (13.1220181 52.5349572)
33236612,52.5311421,13.1282316,3,,POINT (13.1282316 52.5311421)
33236651,52.550299,13.1266612,3,,POINT (13.1266612 52.550299)
33236652,52.5518254,13.1207039,4,,POINT (13.1207039 52.5518254)
33236658,52.5494835,13.1316546,3,,POINT (13.1316546 52.5494835)
33236659,52.5489798,13.13358,3,,POINT (13.13358 52.5489798)
33236660,52.5485727,13.1351426,3,,POINT (13.1351426 52.5485727)
33236662,52.5513537,13.1324119,3,,POINT (13.1324119 52.5513537)
33236663,52.5481197,13.136868,3,,POINT (13.136868 52.5481197)
33317332,52.5463056,13.1438613,4,,POINT (13.1438613 52.5463056)
33317334,52.5468808,13.1416766,3,,POINT (13.1416766 52.5468808)
33317344,52.5511244,13.1398778,3,,POINT (13.1398778 52.5511244)
33317354,52.551194,13.1382924,4,,POINT (13.1382924 52.551194)
33317383,52.5514109,13.136664,3,,POINT (13.136664 52.5514109)
33317391,52.5516502,13.1267412,4,,POINT (13.1267412 52.5516502)
33317466,52.551755,13.1350509,3,,POINT (13.1350509 52.551755)
33317876,52.5397717,13.1408846,4,,POINT (13.1408846 52.5397717)
33317884,52.5404601,13.1393985,3,,POINT (13.1393985 52.5404601)
33317886,52.5405886,13.1380195,4,,POINT (13.1380195 52.5405886)
33317887,52.5407343,13.1366196,3,,POINT (13.1366196 52.5407343)
33317889,52.5429926,13.1372046,4,,POINT (13.1372046 52.5429926)
33317891,52.5428677,13.138514,4,,POINT (13.138514 52.5428677)
33317893,52.5427241,13.1398478,3,,POINT (13.1398478 52.5427241)
33317895,52.5402888,13.1349952,4,,POINT (13.1349952 52.5402888)
33317896,52.5431697,13.1357446,3,,POINT (13.1357446 52.5431697)
33317899,52.5466961,13.1371295,3,,POINT (13.1371295 52.5466961)
33317901,52.5476682,13.133375,3,,POINT (13.133375 52.5476682)
33317903,52.5453595,13.1324578,3,,POINT (13.1324578 52.5453595)
33317905,52.5452477,13.136396,4,,POINT (13.136396 52.5452477)
33317922,52.5482038,13.131212,3,,POINT (13.131212 52.5482038)
33317924,52.5487048,13.129255,3,,POINT (13.129255 52.5487048)
33317927,52.5454355,13.1277871,3,,POINT (13.1277871 52.5454355)
33317928,52.5491492,13.127506,3,,POINT (13.127506 52.5491492)
33317930,52.549973,13.1279435,3,,POINT (13.1279435 52.549973)
33324696,52.5421296,13.1465557,4,,POINT (13.1465557 52.5421296)
33324703,52.542459,13.1432769,3,,POINT (13.1432769 52.542459)
33553104,52.5413011,13.1324687,3,,POINT (13.1324687 52.5413011)
33553106,52.5405285,13.1325344,3,bus_stop,POINT (13.1325344 52.5405285)
33553107,52.5406638,13.1300097,4,,POINT (13.1300097 52.5406638)
33553108,52.5443971,13.1260468,3,,POINT (13.1260468 52.5443971)
33553112,52.5464468,13.1262092,3,,POINT (13.1262092 52.5464468)
33553113,52.5412539,13.1249136,3,,POINT (13.1249136 52.5412539)
33553115,52.5409101,13.1275532,3,,POINT (13.1275532 52.5409101)
33553122,52.5437548,13.1335442,3,,POINT (13.1335442 52.5437548)
33553128,52.5446473,13.1286712,4,,POINT (13.1286712 52.5446473)
33553129,52.5450027,13.1299758,3,,POINT (13.1299758 52.5450027)
33695391,52.5496323,13.2004973,3,,POINT (13.2004973 52.5496323)
33748201,52.5479188,13.2037858,3,,POINT (13.2037858 52.5479188)
33748229,52.5479902,13.2054391,3,,POINT (13.2054391 52.5479902)
34182450,52.547899,13.2097896,3,,POINT (13.2097896 52.547899)
34440768,52.5423468,13.2027643,3,,POINT (13.2027643 52.5423468)
34440770,52.5425475,13.2029672,3,,POINT (13.2029672 52.5425475)
34440871,52.5425196,13.2023982,3,,POINT (13.2023982 52.5425196)
34443226,52.5460707,13.2037749,1,turning_circle,POINT (13.2037749 52.5460707)
34443231,52.544787,13.207503,3,,POINT (13.207503 52.544787)
34458664,52.5349329,13.2022579,3,,POINT (13.2022579 52.5349329)
34458665,52.5351807,13.2017467,1,,POINT (13.2017467 52.5351807)
34460940,52.5381548,13.2019607,3,,POINT (13.2019607 52.5381548)
34481095,52.5441774,13.2092959,3,,POINT (13.2092959 52.5441774)
34481096,52.5448735,13.2096509,3,,POINT (13.2096509 52.5448735)
34481097,52.5442234,13.2091083,3,,POINT (13.2091083 52.5442234)
34481261,52.5436692,13.2067335,3,,POINT (13.2067335 52.5436692)
34481619,52.5462335,13.2101749,1,,POINT (13.2101749 52.5462335)
34481701,52.5467671,13.2113616,1,,POINT (13.2113616 52.5467671)
34481806,52.5476003,13.2112798,3,,POINT (13.2112798 52.5476003)
34481877,52.5468693,13.2108775,3,,POINT (13.2108775 52.5468693)
34482576,52.5449355,13.2094176,3,,POINT (13.2094176 52.5449355)
34482967,52.5473553,13.2111553,3,,POINT (13.2111553 52.5473553)
34779097,52.5382178,13.2017803,3,,POINT (13.2017803 52.5382178)
34779169,52.5367141,13.2011223,3,,POINT (13.2011223 52.5367141)
34779520,52.5366456,13.2003976,3,,POINT (13.2003976 52.5366456)
34780709,52.534638,13.1996267,4,,POINT (13.1996267 52.534638)
34781293,52.5370506,13.2073675,3,,POINT (13.2073675 52.5370506)
34781298,52.5358574,13.2061531,1,,POINT (13.2061531 52.5358574)
34781378,52.5355053,13.2057028,4,,POINT (13.2057028 52.5355053)
34781669,52.532752,13.2074792,3,,POINT (13.2074792 52.532752)
34781671,52.5334177,13.2069965,3,,POINT (13.2069965 52.5334177)
34781737,52.5327549,13.2078705,4,,POINT (13.2078705 52.5327549)
34781899,52.5326462,13.20894,3,,POINT (13.20894 52.5326462)
34781902,52.5326475,13.2078716,3,,POINT (13.2078716 52.5326475)
34781905,52.5326433,13.2075407,3,,POINT (13.2075407 52.5326433)
34782027,52.5324917,13.2096724,3,,POINT (13.2096724 52.5324917)
34782529,52.5309174,13.2054524,3,,POINT (13.2054524 52.5309174)
36677034,52.5469677,13.2001102,3,,POINT (13.2001102 52.5469677)
36678147,52.5451173,13.1993986,3,,POINT (13.1993986 52.5451173)
36678150,52.5449435,13.1993823,1,turning_circle,POINT (13.1993823 52.5449435)
36678173,52.5448847,13.198622,3,,POINT (13.198622 52.5448847)
36678195,52.5453311,13.1986984,3,,POINT (13.1986984 52.5453311)
36678471,52.5481628,13.193661,3,,POINT (13.193661 52.5481628)
36678496,52.5483115,13.1949547,3,,POINT (13.1949547 52.5483115)
59978138,52.5366481,13.1637931,3,,POINT (13.1637931 52.5366481)
59978140,52.5333356,13.1627584,4,,POINT (13.1627584 52.5333356)
59978142,52.5354708,13.1597228,3,,POINT (13.1597228 52.5354708)
59978144,52.5345013,13.1613289,1,turning_circle,POINT (13.1613289 52.5345013)
59978145,52.539867,13.1572695,3,,POINT (13.1572695 52.539867)
59978773,52.5512131,13.1654106,4,,POINT (13.1654106 52.5512131)
59978774,52.5507015,13.1681284,4,,POINT (13.1681284 52.5507015)
59978778,52.5517362,13.1620153,4,,POINT (13.1620153 52.5517362)
59978787,52.5487204,13.1589484,3,,POINT (13.1589484 52.5487204)
59978788,52.5485956,13.1600949,3,,POINT (13.1600949 52.5485956)
59978789,52.5484512,13.1612811,4,,POINT (13.1612811 52.5484512)
59978791,52.5463537,13.1609284,3,,POINT (13.1609284 52.5463537)
59979527,52.5417178,13.1755233,3,,POINT (13.1755233 52.5417178)
60179517,52.526868,13.1282723,3,,POINT (13.1282723 52.526868)
60191632,52.5265142,13.2077493,4,,POINT (13.2077493 52.5265142)
60191634,52.5267134,13.2080989,5,,POINT (13.2080989 52.5267134)
60191635,52.5266596,13.2081442,4,,POINT (13.2081442 52.5266596)
60191638,52.5262242,13.2083709,3,,POINT (13.2083709 52.5262242)
81387842,52.5325392,13.194984,4,,POINT (13.194984 52.5325392)
81387850,52.5320335,13.1974776,3,,POINT (13.1974776 52.5320335)
81398129,52.5323567,13.1904341,3,,POINT (13.1904341 52.5323567)
81398136,52.5320886,13.1929773,4,,POINT (13.1929773 52.5320886)
81398151,52.5286296,13.1924874,4,,POINT (13.1924874 52.5286296)
81398184,52.530233,13.1876596,1,turning_circle,POINT (13.1876596 52.530233)
81398188,52.5328605,13.1933757,3,,POINT (13.1933757 52.5328605)
81398215,52.5290563,13.1948016,3,,POINT (13.1948016 52.5290563)
81398227,52.5278299,13.1885523,3,,POINT (13.1885523 52.5278299)
81398241,52.5290997,13.1955098,4,,POINT (13.1955098 52.5290997)
81398245,52.5290762,13.1957407,3,,POINT (13.1957407 52.5290762)
81403005,52.5303006,13.197706,3,,POINT (13.197706 52.5303006)
81403008,52.5314238,13.1985428,3,,POINT (13.1985428 52.5314238)
81407435,52.5309072,13.1926006,3,,POINT (13.1926006 52.5309072)
81407438,52.5317212,13.1950574,3,,POINT (13.1950574 52.5317212)
81407439,52.5317443,13.1974166,3,,POINT (13.1974166 52.5317443)
81407441,52.5312374,13.1991598,1,turning_circle,POINT (13.1991598 52.5312374)
81425977,52.524104,13.1820231,3,,POINT (13.1820231 52.524104)
81433313,52.5282363,13.1806776,3,,POINT (13.1806776 52.5282363)
81433321,52.5260398,13.1768248,3,,POINT (13.1768248 52.5260398)
81433329,52.5267199,13.1798539,4,,POINT (13.1798539 52.5267199)
81433333,52.5270725,13.1813807,3,,POINT (13.1813807 52.5270725)
81433337,52.5270906,13.1778682,1,turning_circle,POINT (13.1778682 52.5270906)
81433341,52.5259633,13.1803276,3,,POINT (13.1803276 52.5259633)
81433345,52.5251208,13.1782841,3,,POINT (13.1782841 52.5251208)
81433355,52.5254785,13.1781811,3,,POINT (13.1781811 52.5254785)
81476462,52.5326124,13.2039726,3,,POINT (13.2039726 52.5326124)
81476468,52.5333997,13.2056678,3,,POINT (13.2056678 52.5333997)
81476478,52.5307884,13.2055181,3,,POINT (13.2055181 52.5307884)
137485453,52.5395855,13.1457592,3,,POINT (13.1457592 52.5395855)
137485487,52.5408043,13.1458138,1,,POINT (13.1458138 52.5408043)
139387435,52.538542,13.1500056,3,,POINT (13.1500056 52.538542)
139397386,52.540933,13.1504225,3,,POINT (13.1504225 52.540933)
139419403,52.5433522,13.1485677,3,,POINT (13.1485677 52.5433522)
139433054,52.5395858,13.1445431,3,,POINT (13.1445431 52.5395858)
139581980,52.5396272,13.1428309,4,,POINT (13.1428309 52.5396272)
139654487,52.5434989,13.1455742,4,,POINT (13.1455742 52.5434989)
140083413,52.5341389,13.1419626,3,,POINT (13.1419626 52.5341389)
140087675,52.5512632,13.1417877,3,,POINT (13.1417877 52.5512632)
141772496,52.5453251,13.1514969,3,,POINT (13.1514969 52.5453251)
142361911,52.5384261,13.1345011,3,,POINT (13.1345011 52.5384261)
142371103,52.538782,13.1295589,3,,POINT (13.1295589 52.538782)
142372266,52.5416839,13.1303292,1,,POINT (13.1303292 52.5416839)
142380807,52.5383074,13.136116,3,,POINT (13.136116 52.5383074)
142380810,52.5382152,13.1374576,3,,POINT (13.1374576 52.5382152)
142380811,52.5380837,13.1391342,3,,POINT (13.1391342 52.5380837)
142402981,52.543204,13.1300303,3,,POINT (13.1300303 52.543204)
142407842,52.5423544,13.1278965,1,,POINT (13.1278965 52.5423544)
142409553,52.5421293,13.1278477,3,,POINT (13.1278477 52.5421293)
142410117,52.5423688,13.1252768,3,,POINT (13.1252768 52.5423688)
142412762,52.5408522,13.1351687,3,,POINT (13.1351687 52.5408522)
142414760,52.540345,13.1409898,3,,POINT (13.1409898 52.540345)
142419941,52.5400213,13.1379016,4,,POINT (13.1379016 52.5400213)
142420238,52.5441068,13.1376152,1,,POINT (13.1376152 52.5441068)
142420880,52.5437371,13.1388356,1,,POINT (13.1388356 52.5437371)
142421416,52.5440964,13.1402751,3,,POINT (13.1402751 52.5440964)
142421418,52.5424441,13.1397745,3,,POINT (13.1397745 52.5424441)
142423262,52.542348,13.1413091,3,,POINT (13.1413091 52.542348)
142425332,52.5439708,13.1414815,3,,POINT (13.1414815 52.5439708)
142426552,52.5449956,13.1416507,1,,POINT (13.1416507 52.5449956)
142428709,52.5441411,13.1398693,3,,POINT (13.1398693 52.5441411)
142430561,52.5453386,13.1401395,1,,POINT (13.1401395 52.5453386)
142436624,52.5392273,13.1407847,3,,POINT (13.1407847 52.5392273)
142439015,52.5394722,13.1377784,4,,POINT (13.1377784 52.5394722)
142441741,52.5393573,13.1391976,3,,POINT (13.1391976 52.5393573)
194539314,52.5505858,13.2097932,4,,POINT (13.2097932 52.5505858)
194539349,52.5494981,13.2102227,3,,POINT (13.2102227 52.5494981)
194539412,52.5259851,13.1943662,3,,POINT (13.1943662 52.5259851)
194539415,52.5260437,13.194132,3,,POINT (13.194132 52.5260437)
205341546,52.5278623,13.1953449,4,,POINT (13.1953449 52.5278623)
247930444,52.5426496,13.2026443,4,,POINT (13.2026443 52.5426496)
248201898,52.5489883,13.2102539,3,,POINT (13.2102539 52.5489883)
248204027,52.5498641,13.2100468,3,,POINT (13.2100468 52.5498641)
248461409,52.5428609,13.2062602,4,,POINT (13.2062602 52.5428609)
249380660,52.5488605,13.2102529,3,,POINT (13.2102529 52.5488605)
249692900,52.5456323,13.2045327,3,,POINT (13.2045327 52.5456323)
249693004,52.5442329,13.2047939,4,,POINT (13.2047939 52.5442329)
249694778,52.547789,13.2042934,3,,POINT (13.2042934 52.547789)
249699645,52.5399367,13.2072195,3,,POINT (13.2072195 52.5399367)
249812320,52.5241965,13.1432971,3,,POINT (13.1432971 52.5241965)
250691133,52.5494732,13.1406173,3,,POINT (13.1406173 52.5494732)
250691134,52.5493662,13.1407122,3,,POINT (13.1407122 52.5493662)
250694387,52.547713,13.1384521,3,,POINT (13.1384521 52.547713)
250694391,52.5498235,13.1424665,1,,POINT (13.1424665 52.5498235)
253152203,52.5486283,13.2036818,3,,POINT (13.2036818 52.5486283)
253152204,52.5498802,13.2101443,4,,POINT (13.2101443 52.5498802)
253168488,52.5517246,13.1486438,3,,POINT (13.1486438 52.5517246)
253168489,52.5499377,13.1482285,4,,POINT (13.1482285 52.5499377)
253168529,52.5497992,13.1496622,4,,POINT (13.1496622 52.5497992)
253168536,52.5518392,13.1472628,3,,POINT (13.1472628 52.5518392)
253168538,52.5500315,13.1469513,3,,POINT (13.1469513 52.5500315)
253168541,52.5496505,13.1509273,4,,POINT (13.1509273 52.5496505)
253168542,52.547141,13.1503554,3,,POINT (13.1503554 52.547141)
253168544,52.5495531,13.1528729,3,,POINT (13.1528729 52.5495531)
253168548,52.5492738,13.1536759,3,,POINT (13.1536759 52.5492738)
253168549,52.549192,13.1547683,4,,POINT (13.1547683 52.549192)
253168552,52.5507446,13.1550969,3,,POINT (13.1550969 52.5507446)
253168553,52.5518921,13.1553677,3,,POINT (13.1553677 52.5518921)
253168554,52.5516063,13.1569282,3,,POINT (13.1569282 52.5516063)
253168563,52.5467074,13.154219,3,,POINT (13.154219 52.5467074)
253168564,52.5474705,13.1533946,1,turning_circle,POINT (13.1533946 52.5474705)
253327918,52.5292251,13.1624273,3,,POINT (13.1624273 52.5292251)
253327927,52.5314155,13.1591717,3,,POINT (13.1591717 52.5314155)
253327928,52.5327094,13.1479842,4,,POINT (13.1479842 52.5327094)
253327929,52.5328013,13.1479846,4,,POINT (13.1479846 52.5328013)
253327932,52.5309187,13.1551046,3,,POINT (13.1551046 52.5309187)
253327954,52.5339093,13.1542894,4,,POINT (13.1542894 52.5339093)
253327955,52.5341751,13.1558448,3,,POINT (13.1558448 52.5341751)
253327956,52.5356824,13.1538932,3,,POINT (13.1538932 52.5356824)
253327959,52.5348396,13.1540753,3,,POINT (13.1540753 52.5348396)
253327962,52.5359752,13.1564757,1,turning_circle,POINT (13.1564757 52.5359752)
253327963,52.5360481,13.1570332,1,turning_circle,POINT (13.1570332 52.5360481)
253446447,52.5414714,13.1971117,3,,POINT (13.1971117 52.5414714)
253446449,52.5418583,13.1970679,4,,POINT (13.1970679 52.5418583)
253446461,52.5414306,13.1969499,3,,POINT (13.1969499 52.5414306)
253446464,52.5436375,13.1931164,3,,POINT (13.1931164 52.5436375)
253447659,52.5446516,13.1882947,3,,POINT (13.1882947 52.5446516)
253447660,52.544833,13.1859868,3,,POINT (13.1859868 52.544833)
253447661,52.5440574,13.1898128,1,turning_circle,POINT (13.1898128 52.5440574)
253447917,52.5395404,13.1944694,1,turning_circle,POINT (13.1944694 52.5395404)
253448186,52.5470596,13.1772402,3,,POINT (13.1772402 52.5470596)
253448187,52.5468176,13.1790752,1,turning_circle,POINT (13.1790752 52.5468176)
253448190,52.5463331,13.1817668,1,turning_circle,POINT (13.1817668 52.5463331)
253448194,52.5455699,13.1830699,3,,POINT (13.1830699 52.5455699)
253448195,52.5448061,13.1827931,3,,POINT (13.1827931 52.5448061)
253448203,52.5438703,13.1826494,3,,POINT (13.1826494 52.5438703)
253448381,52.5487474,13.1799104,3,,POINT (13.1799104 52.5487474)
253448382,52.5484283,13.181555,3,,POINT (13.181555 52.5484283)
253448383,52.5481546,13.1830667,3,,POINT (13.1830667 52.5481546)
253448384,52.5479178,13.1829508,4,,POINT (13.1829508 52.5479178)
253448390,52.5497567,13.1804723,1,turning_circle,POINT (13.1804723 52.5497567)
253448415,52.5498977,13.1738003,3,,POINT (13.1738003 52.5498977)
253448416,52.5495847,13.1754589,3,,POINT (13.1754589 52.5495847)
253448778,52.551882,13.1842147,3,,POINT (13.1842147 52.551882)
253467172,52.5235529,13.1476991,3,,POINT (13.1476991 52.5235529)
253467174,52.5238547,13.1462927,3,,POINT (13.1462927 52.5238547)
253467183,52.5272133,13.1470091,4,,POINT (13.1470091 52.5272133)
253467240,52.5273592,13.1456057,1,,POINT (13.1456057 52.5273592)
253467242,52.5277768,13.1440887,3,,POINT (13.1440887 52.5277768)
253467243,52.5267867,13.1492271,3,,POINT (13.1492271 52.5267867)
253467271,52.52749,13.1397706,3,,POINT (13.1397706 52.52749)
253467280,52.526949,13.143836,3,,POINT (13.143836 52.526949)
253467283,52.528469,13.1414066,1,turning_circle,POINT (13.1414066 52.528469)
255196475,52.5451976,13.2038054,3,,POINT (13.2038054 52.5451976)
257614186,52.5417231,13.2012588,1,turning_circle,POINT (13.2012588 52.5417231)
258312327,52.5251478,13.1594504,3,,POINT (13.1594504 52.5251478)
258397447,52.5371862,13.1848382,2,,POINT (13.1848382 52.5371862)
259006720,52.5325846,13.1430979,3,,POINT (13.1430979 52.5325846)
259006741,52.5288783,13.1596005,3,,POINT (13.1596005 52.5288783)
259006742,52.5285708,13.1570368,1,turning_circle,POINT (13.1570368 52.5285708)
259006747,52.5255733,13.1556027,3,,POINT (13.1556027 52.5255733)
259006755,52.5266584,13.1588808,3,,POINT (13.1588808 52.5266584)
259006756,52.5264436,13.157406,3,,POINT (13.157406 52.5264436)
259006757,52.525151,13.1578325,3,,POINT (13.1578325 52.525151)
259235589,52.5395437,13.2039641,3,,POINT (13.2039641 52.5395437)
259607061,52.5356976,13.2022958,1,,POINT (13.2022958 52.5356976)
259607062,52.5353606,13.2029553,3,,POINT (13.2029553 52.5353606)
259827166,52.5295482,13.1296794,1,,POINT (13.1296794 52.5295482)
259829010,52.5356731,13.1266542,3,,POINT (13.1266542 52.5356731)
260598165,52.5353942,13.2030179,3,,POINT (13.2030179 52.5353942)
260601467,52.5386827,13.2023475,3,,POINT (13.2023475 52.5386827)
260601470,52.5384266,13.2031198,3,,POINT (13.2031198 52.5384266)
260637748,52.5382683,13.1899992,3,,POINT (13.1899992 52.5382683)
260667348,52.5341252,13.2066618,3,,POINT (13.2066618 52.5341252)
260667732,52.5348128,13.2080607,3,,POINT (13.2080607 52.5348128)
260668308,52.534839,13.2088254,1,,POINT (13.2088254 52.534839)
260668564,52.5356267,13.2082679,1,,POINT (13.2082679 52.5356267)
260674418,52.5323089,13.2042449,3,,POINT (13.2042449 52.5323089)
260682722,52.5506931,13.1617787,3,,POINT (13.1617787 52.5506931)
260682962,52.5517955,13.1592278,3,,POINT (13.1592278 52.5517955)
260710312,52.534709,13.2087777,3,,POINT (13.2087777 52.534709)
260724101,52.5378221,13.1922707,3,,POINT (13.1922707 52.5378221)
260724128,52.536946,13.1943152,3,,POINT (13.1943152 52.536946)
260726730,52.5358277,13.2052003,4,,POINT (13.2052003 52.5358277)
260726757,52.5372477,13.2068555,4,,POINT (13.2068555 52.5372477)
260726777,52.5365932,13.2069044,3,,POINT (13.2069044 52.5365932)
260742185,52.5412793,13.1572578,3,,POINT (13.1572578 52.5412793)
260742204,52.5410598,13.159155,3,,POINT (13.159155 52.5410598)
260742208,52.540507,13.1587049,3,,POINT (13.1587049 52.540507)
260742251,52.5401692,13.162045,3,,POINT (13.162045 52.5401692)
260742284,52.5395983,13.1615511,4,,POINT (13.1615511 52.5395983)
260742286,52.5397698,13.1584828,4,,POINT (13.1584828 52.5397698)
260742343,52.5385161,13.1581751,1,,POINT (13.1581751 52.5385161)
261163583,52.5252571,13.1828088,1,turning_circle,POINT (13.1828088 52.5252571)
261166926,52.5263146,13.1818585,3,,POINT (13.1818585 52.5263146)
262091049,52.5332823,13.1988502,3,,POINT (13.1988502 52.5332823)
262224394,52.5489454,13.1746553,1,,POINT (13.1746553 52.5489454)
262770772,52.5289069,13.1550344,1,,POINT (13.1550344 52.5289069)
265065179,52.531367,13.196927,4,,POINT (13.196927 52.531367)
268688169,52.5270292,13.2077203,3,,POINT (13.2077203 52.5270292)
269906754,52.5512227,13.1276844,3,,POINT (13.1276844 52.5512227)
270049601,52.5514318,13.1266214,1,,POINT (13.1266214 52.5514318)
270049603,52.5515523,13.1261584,1,,POINT (13.1261584 52.5515523)
270049604,52.5517638,13.1263,3,,POINT (13.1263 52.5517638)
270049605,52.5516768,13.1256906,1,,POINT (13.1256906 52.5516768)
270049606,52.551884,13.1258329,3,,POINT (13.1258329 52.551884)
270918969,52.5427261,13.1677886,1,,POINT (13.1677886 52.5427261)
271330234,52.5368142,13.2063347,3,,POINT (13.2063347 52.5368142)
271330240,52.5374806,13.2071305,1,,POINT (13.2071305 52.5374806)
271378138,52.5413263,13.1946489,3,,POINT (13.1946489 52.5413263)
271378139,52.5408139,13.1935661,1,turning_circle,POINT (13.1935661 52.5408139)
271385799,52.5362709,13.2066279,3,,POINT (13.2066279 52.5362709)
272069572,52.5318103,13.194562,3,,POINT (13.194562 52.5318103)
272783011,52.5417989,13.1594251,3,,POINT (13.1594251 52.5417989)
273428199,52.5267072,13.2076679,5,,POINT (13.2076679 52.5267072)
275688841,52.5488523,13.1985684,3,,POINT (13.1985684 52.5488523)
275816103,52.5511857,13.1945704,1,,POINT (13.1945704 52.5511857)
276614893,52.5459276,13.1768047,3,,POINT (13.1768047 52.5459276)
276614918,52.5457843,13.1783665,1,turning_circle,POINT (13.1783665 52.5457843)
280237436,52.5508014,13.1275417,1,,POINT (13.1275417 52.5508014)
287734021,52.5488659,13.1948936,1,,POINT (13.1948936 52.5488659)
287734022,52.5483992,13.1947504,3,,POINT (13.1947504 52.5483992)
297407039,52.5513044,13.1272822,3,,POINT (13.1272822 52.5513044)
301831504,52.5249021,13.1329349,3,,POINT (13.1329349 52.5249021)
301831612,52.5293596,13.1400141,3,,POINT (13.1400141 52.5293596)
304367389,52.5249475,13.1434308,3,,POINT (13.1434308 52.5249475)
321562757,52.5364962,13.1498255,3,,POINT (13.1498255 52.5364962)
338889487,52.5487196,13.2053315,3,,POINT (13.2053315 52.5487196)
338889489,52.549933,13.2037146,3,,POINT (13.2037146 52.549933)
353466754,52.5357518,13.1597203,3,,POINT (13.1597203 52.5357518)
354513921,52.5245847,13.1449997,3,,POINT (13.1449997 52.5245847)
363295957,52.551632,13.1214921,3,,POINT (13.1214921 52.551632)
371156946,52.5433234,13.2053786,1,turning_circle,POINT (13.2053786 52.5433234)
418724758,52.5507437,13.1741326,1,turning_circle,POINT (13.1741326 52.5507437)
418724759,52.550411,13.175791,1,turning_circle,POINT (13.175791 52.550411)
418724760,52.5494381,13.1821408,1,turning_circle,POINT (13.1821408 52.5494381)
418724761,52.5506911,13.1823914,1,turning_circle,POINT (13.1823914 52.5506911)
418729605,52.54987,13.18719,1,turning_circle,POINT (13.18719 52.54987)
418745094,52.5311257,13.1901667,1,turning_circle,POINT (13.1901667 52.5311257)
418746466,52.5376018,13.1946575,1,turning_circle,POINT (13.1946575 52.5376018)
418746467,52.5385318,13.1934666,1,turning_circle,POINT (13.1934666 52.5385318)
418746472,52.5421009,13.1851322,1,turning_circle,POINT (13.1851322 52.5421009)
418747270,52.5400765,13.1908045,1,turning_circle,POINT (13.1908045 52.5400765)
418749915,52.530648,13.1792252,3,,POINT (13.1792252 52.530648)
418749917,52.5308011,13.1774011,3,,POINT (13.1774011 52.5308011)
418749919,52.5308672,13.1755998,3,,POINT (13.1755998 52.5308672)
418749920,52.5306702,13.1739061,3,,POINT (13.1739061 52.5306702)
418749924,52.5300765,13.1693291,3,,POINT (13.1693291 52.5300765)
418751693,52.5340012,13.1793591,3,,POINT (13.1793591 52.5340012)
430311532,52.5276166,13.2030787,1,turning_circle,POINT (13.2030787 52.5276166)
433581738,52.551747,13.1683946,3,,POINT (13.1683946 52.551747)
441043073,52.5413619,13.1734948,1,,POINT (13.1734948 52.5413619)
441043074,52.5409372,13.1750706,3,,POINT (13.1750706 52.5409372)
443052496,52.5393339,13.1598723,3,,POINT (13.1598723 52.5393339)
443052502,52.5377368,13.1588135,1,,POINT (13.1588135 52.5377368)
443056937,52.5439163,13.1258051,3,,POINT (13.1258051 52.5439163)
443056938,52.5437112,13.1274721,1,turning_circle,POINT (13.1274721 52.5437112)
443062159,52.5289096,13.1234772,3,,POINT (13.1234772 52.5289096)
443062160,52.5339995,13.1408681,3,,POINT (13.1408681 52.5339995)
443062161,52.5342531,13.1400079,3,,POINT (13.1400079 52.5342531)
443062168,52.5329453,13.139413,3,,POINT (13.139413 52.5329453)
443062177,52.533457,13.1394946,2,,POINT (13.1394946 52.533457)
443062180,52.533208,13.1394521,2,,POINT (13.1394521 52.533208)
443064861,52.5249894,13.1395549,3,,POINT (13.1395549 52.5249894)
454450273,52.5330858,13.1380677,4,,POINT (13.1380677 52.5330858)
454450276,52.5331084,13.1382072,3,,POINT (13.1382072 52.5331084)
482728288,52.5458706,13.1938232,3,,POINT (13.1938232 52.5458706)
510614224,52.5519578,13.1255462,3,,POINT (13.1255462 52.5519578)
534145284,52.5288746,13.122549,3,,POINT (13.122549 52.5288746)
534145324,52.5276043,13.1247109,1,,POINT (13.1247109 52.5276043)
534145336,52.5277494,13.1237948,3,,POINT (13.1237948 52.5277494)
534174589,52.5293741,13.1214096,3,,POINT (13.1214096 52.5293741)
534174591,52.5294543,13.1207266,1,,POINT (13.1207266 52.5294543)
534174592,52.5293842,13.1234553,1,,POINT (13.1234553 52.5293842)
534260633,52.5350555,13.1315157,1,,POINT (13.1315157 52.5350555)
566219460,52.5519177,13.1207725,4,,POINT (13.1207725 52.5519177)
566219463,52.5519634,13.1206239,4,,POINT (13.1206239 52.5519634)
566219465,52.5518857,13.1205595,4,,POINT (13.1205595 52.5518857)
632243488,52.5455745,13.1841623,4,,POINT (13.1841623 52.5455745)
632243489,52.5455618,13.1843159,3,,POINT (13.1843159 52.5455618)
640044088,52.5451239,13.2060267,3,,POINT (13.2060267 52.5451239)
646731071,52.5242721,13.1924778,3,,POINT (13.1924778 52.5242721)
647801996,52.5448236,13.1512863,3,,POINT (13.1512863 52.5448236)
667465360,52.5254863,13.1451727,3,,POINT (13.1451727 52.5254863)
667465361,52.5257358,13.1438979,1,,POINT (13.1438979 52.5257358)
667474650,52.5465851,13.2090355,3,,POINT (13.2090355 52.5465851)
667474652,52.5464303,13.2097939,3,,POINT (13.2097939 52.5464303)
788643854,52.5272214,13.1234891,3,,POINT (13.1234891 52.5272214)
788643862,52.5280968,13.1221459,4,,POINT (13.1221459 52.5280968)
788643889,52.5275342,13.1219928,4,,POINT (13.1219928 52.5275342)
878994837,52.5478134,13.1828964,3,,POINT (13.1828964 52.5478134)
929462299,52.5316952,13.1584872,3,,POINT (13.1584872 52.5316952)
929462456,52.5317485,13.1558521,1,,POINT (13.1558521 52.5317485)
1179810136,52.5270619,13.1243003,1,,POINT (13.1243003 52.5270619)
1179810179,52.5271541,13.1217044,3,,POINT (13.1217044 52.5271541)
1189877243,52.5477429,13.2044265,3,,POINT (13.2044265 52.5477429)
1203782377,52.5274573,13.1759365,3,,POINT (13.1759365 52.5274573)
1203782382,52.5274003,13.1759744,3,,POINT (13.1759744 52.5274003)
1264275792,52.5396049,13.1364962,3,,POINT (13.1364962 52.5396049)
1269419873,52.5518414,13.1620656,3,,POINT (13.1620656 52.5518414)
1274860919,52.5351276,13.1377384,3,,POINT (13.1377384 52.5351276)
1274861012,52.5323905,13.1404571,3,,POINT (13.1404571 52.5323905)
1274998214,52.5346468,13.1599499,3,,POINT (13.1599499 52.5346468)
1275010903,52.5364879,13.1508823,1,turning_circle,POINT (13.1508823 52.5364879)
1286809340,52.5414269,13.1789207,1,,POINT (13.1789207 52.5414269)
1286844861,52.5475076,13.1739786,3,,POINT (13.1739786 52.5475076)
1317834641,52.5237128,13.2029542,3,,POINT (13.2029542 52.5237128)
1342604749,52.5237185,13.1455169,2,,POINT (13.1455169 52.5237185)
1387922004,52.5335258,13.1578118,3,,POINT (13.1578118 52.5335258)
1387922008,52.5330402,13.1579164,4,,POINT (13.1579164 52.5330402)
1387922013,52.5327946,13.1580549,3,,POINT (13.1580549 52.5327946)
1387922015,52.53315,13.1578861,4,,POINT (13.1578861 52.53315)
1387922664,52.5332173,13.1627709,3,,POINT (13.1627709 52.5332173)
1398982495,52.5288958,13.1239092,3,,POINT (13.1239092 52.5288958)
1490039625,52.5491329,13.1764759,4,,POINT (13.1764759 52.5491329)
1579292393,52.5504105,13.172086,3,,POINT (13.172086 52.5504105)
1736594479,52.5439502,13.1730127,3,,POINT (13.1730127 52.5439502)
1769220846,52.5486376,13.2038495,3,,POINT (13.2038495 52.5486376)
1881665457,52.5279473,13.175604,3,,POINT (13.175604 52.5279473)
1881665458,52.5282942,13.1771168,3,,POINT (13.1771168 52.5282942)
2010850681,52.5343626,13.1600074,1,,POINT (13.1600074 52.5343626)
2149029777,52.5345358,13.206299,1,turning_circle,POINT (13.206299 52.5345358)
2446726558,52.5422446,13.1432429,3,,POINT (13.1432429 52.5422446)
2493634037,52.5431488,13.1837914,3,,POINT (13.1837914 52.5431488)
2493634038,52.5431622,13.1836436,3,,POINT (13.1836436 52.5431622)
2543000520,52.5290337,13.1179711,3,,POINT (13.1179711 52.5290337)
2699927831,52.5311628,13.1355895,1,turning_circle,POINT (13.1355895 52.5311628)
2798855476,52.5490489,13.1763175,3,,POINT (13.1763175 52.5490489)
2798856001,52.5492853,13.178382,3,,POINT (13.178382 52.5492853)
2799280302,52.5456932,13.1516509,1,,POINT (13.1516509 52.5456932)
2879835237,52.5448797,13.1984222,1,,POINT (13.1984222 52.5448797)
2879837111,52.5437847,13.2041809,4,,POINT (13.2041809 52.5437847)
2879837151,52.5457343,13.1937076,3,,POINT (13.1937076 52.5457343)
2880059403,52.550469,13.1977688,3,,POINT (13.1977688 52.550469)
2880059503,52.5493689,13.1975513,3,,POINT (13.1975513 52.5493689)
2896977032,52.536699,13.149854,1,,POINT (13.149854 52.536699)
2902188361,52.5236295,13.1947423,4,,POINT (13.1947423 52.5236295)
2968028812,52.5513833,13.1224872,3,,POINT (13.1224872 52.5513833)
3068324713,52.5337329,13.141898,3,,POINT (13.141898 52.5337329)
3626965765,52.5413352,13.2043537,1,turning_circle,POINT (13.2043537 52.5413352)
3790579826,52.5333867,13.2065901,3,,POINT (13.2065901 52.5333867)
3790579831,52.5336072,13.206848,3,,POINT (13.206848 52.5336072)
3882643925,52.5471403,13.2121555,1,,POINT (13.2121555 52.5471403)
3882645140,52.5384051,13.1971625,3,,POINT (13.1971625 52.5384051)
3885480814,52.537021,13.2025396,1,,POINT (13.2025396 52.537021)
3966408803,52.5391305,13.1991978,3,,POINT (13.1991978 52.5391305)
3966408806,52.5389881,13.1991078,3,,POINT (13.1991078 52.5389881)
4457467986,52.5335371,13.1955353,3,,POINT (13.1955353 52.5335371)
5302594097,52.5259981,13.1436469,3,,POINT (13.1436469 52.5259981)
5302594100,52.5260984,13.1410977,1,,POINT (13.1410977 52.5260984)
5456755337,52.5431203,13.1433758,4,,POINT (13.1433758 52.5431203)
5794091536,52.5274717,13.1412632,3,,POINT (13.1412632 52.5274717)
5842435926,52.5265258,13.1999208,1,,POINT (13.1999208 52.5265258)
5891775873,52.5516414,13.1309622,3,,POINT (13.1309622 52.5516414)
5891775879,52.5518539,13.1300128,3,,POINT (13.1300128 52.5518539)
5891777188,52.5506106,13.1302473,3,,POINT (13.1302473 52.5506106)
5891777190,52.550439,13.1309391,3,,POINT (13.1309391 52.550439)
5891777192,52.5502695,13.1319933,3,,POINT (13.1319933 52.5502695)
5896887939,52.5448858,13.1436473,3,,POINT (13.1436473 52.5448858)
5963916749,52.5457746,13.1941191,4,,POINT (13.1941191 52.5457746)
5963945821,52.5489353,13.1934818,4,,POINT (13.1934818 52.5489353)
6169025779,52.5355001,13.1952922,4,,POINT (13.1952922 52.5355001)
6802189243,52.5326456,13.1355676,3,,POINT (13.1355676 52.5326456)
6869221947,52.5406299,13.1975269,3,,POINT (13.1975269 52.5406299)
6989105155,52.5514409,13.1318447,4,,POINT (13.1318447 52.5514409)
7129637088,52.5288187,13.1954087,3,,POINT (13.1954087 52.5288187)
7129637089,52.528792,13.1956503,3,,POINT (13.1956503 52.528792)
7522317758,52.5464674,13.1381488,1,,POINT (13.1381488 52.5464674)
7525761329,52.5499589,13.1306119,1,,POINT (13.1306119 52.5499589)
7834827787,52.5352586,13.1496663,3,,POINT (13.1496663 52.5352586)
7918127533,52.5373392,13.2066117,1,,POINT (13.2066117 52.5373392)
7980849881,52.5396983,13.1359657,1,,POINT (13.1359657 52.5396983)
7981094337,52.5355273,13.2047934,1,,POINT (13.2047934 52.5355273)
8977971390,52.5403425,13.2041144,3,,POINT (13.2041144 52.5403425)
9220749670,52.5319544,13.1414593,1,crossing,POINT (13.1414593 52.5319544)
9271860531,52.5461539,13.1962166,3,,POINT (13.1962166 52.5461539)
9273800844,52.5437753,13.1954317,3,,POINT (13.1954317 52.5437753)
9316994871,52.537208,13.1848391,3,,POINT (13.1848391 52.537208)
9589909121,52.5459982,13.1476332,1,,POINT (13.1476332 52.5459982)
9589909134,52.5386534,13.1464001,3,,POINT (13.1464001 52.5386534)
9589909136,52.5376391,13.1462403,3,,POINT (13.1462403 52.5376391)
9598798047,52.540658,13.1543714,1,,POINT (13.1543714 52.540658)
9598798050,52.5415915,13.1545713,1,,POINT (13.1545713 52.5415915)
9598837770,52.5439159,13.147299,3,,POINT (13.147299 52.5439159)
9602397677,52.5423551,13.1551959,1,turning_circle,POINT (13.1551959 52.5423551)
9602441645,52.5516252,13.1319603,1,,POINT (13.1319603 52.5516252)
9602441648,52.5508997,13.1315311,1,,POINT (13.1315311 52.5508997)
9622816135,52.5447741,13.1337955,1,,POINT (13.1337955 52.5447741)
9662360651,52.5461619,13.1915761,4,,POINT (13.1915761 52.5461619)
9662360653,52.5463107,13.1915654,4,,POINT (13.1915654 52.5463107)
9736990638,52.5375523,13.1873783,3,,POINT (13.1873783 52.5375523)
10227929321,52.5302266,13.1615455,1,,POINT (13.1615455 52.5302266)
10227929324,52.5306095,13.1631762,1,,POINT (13.1631762 52.5306095)
10556612872,52.5263703,13.2075635,3,,POINT (13.2075635 52.5263703)
10676108345,52.5303682,13.1330405,2,,POINT (13.1330405 52.5303682)
10676108347,52.530477,13.1329872,2,,POINT (13.1329872 52.530477)
11029753253,52.5463749,13.2097652,1,,POINT (13.2097652 52.5463749)
11289639299,52.526426,13.151103,1,,POINT (13.151103 52.526426)
11290512916,52.5277899,13.1492077,3,,POINT (13.1492077 52.5277899)
11297775920,52.528211,13.1469768,3,,POINT (13.1469768 52.528211)
11301166219,52.527187,13.1353347,3,,POINT (13.1353347 52.527187)
12097775154,52.5425781,13.2060743,3,,POINT (13.2060743 52.5425781)
12097775155,52.5425505,13.2062755,3,,POINT (13.2062755 52.5425505)
12184381985,52.538393,13.1499762,3,,POINT (13.1499762 52.538393)
12281797053,52.5396433,13.2042652,1,,POINT (13.2042652 52.5396433)
12282455959,52.5392139,13.1989905,3,,POINT (13.1989905 52.5392139)
